-- WebDAV media import script (generated: 2026-04-21 21:34:36)
-- Audio source: /music (16 items)
-- Video source: /vidio (18 items)
INSERT INTO media_resource (
  id, title, nickname, alias, series_id, age_range, media_type,
  play_url, cover_url, description, source_type, source_platform, source_remark,
  is_published, is_abnormal, abnormal_remark, click_count, rating_avg, rating_count,
  sort_weight, created_at, updated_at, deleted
) VALUES
(3201, 'Color-022 My Yellow Car', NULL, NULL, 1008, 'AGE_2_4', 'AUDIO', 'http://192.168.50.1:3303/music/Color-022%20My%20Yellow%20Car.mp3', 'https://picsum.photos/seed/webdav-audio-3201/400/300', 'WebDAV import AUDIO: Color-022 My Yellow Car', 'WEB_DAV', 'WEBDAV', '/music', TRUE, FALSE, NULL, 0, 0, 0, 120, NOW(), NOW(), 0),
(3202, 'Daily-003 Put On Your Shoes', NULL, NULL, 1008, 'AGE_2_4', 'AUDIO', 'http://192.168.50.1:3303/music/Daily-003%20Put%20On%20Your%20Shoes.mp3', 'https://picsum.photos/seed/webdav-audio-3202/400/300', 'WebDAV import AUDIO: Daily-003 Put On Your Shoes', 'WEB_DAV', 'WEBDAV', '/music', TRUE, FALSE, NULL, 0, 0, 0, 119, NOW(), NOW(), 0),
(3203, 'Daily-004 The Bath Song', NULL, NULL, 1008, 'AGE_2_4', 'AUDIO', 'http://192.168.50.1:3303/music/Daily-004%20The%20Bath%20Song.mp3', 'https://picsum.photos/seed/webdav-audio-3203/400/300', 'WebDAV import AUDIO: Daily-004 The Bath Song', 'WEB_DAV', 'WEBDAV', '/music', TRUE, FALSE, NULL, 0, 0, 0, 118, NOW(), NOW(), 0),
(3204, 'Let''s Go To The Zoo', NULL, NULL, 1008, 'AGE_2_4', 'AUDIO', 'http://192.168.50.1:3303/music/Let%27s%20Go%20To%20The%20Zoo.mp3', 'https://picsum.photos/seed/webdav-audio-3204/400/300', 'WebDAV import AUDIO: Let''s Go To The Zoo', 'WEB_DAV', 'WEBDAV', '/music', TRUE, FALSE, NULL, 0, 0, 0, 117, NOW(), NOW(), 0),
(3205, 'Put On Your Shoes', NULL, NULL, 1008, 'AGE_2_4', 'AUDIO', 'http://192.168.50.1:3303/music/Put%20On%20Your%20Shoes.mp3', 'https://picsum.photos/seed/webdav-audio-3205/400/300', 'WebDAV import AUDIO: Put On Your Shoes', 'WEB_DAV', 'WEBDAV', '/music', TRUE, FALSE, NULL, 0, 0, 0, 116, NOW(), NOW(), 0),
(3206, 'TPR-017 Dance And Stop', NULL, NULL, 1008, 'AGE_2_4', 'AUDIO', 'http://192.168.50.1:3303/music/TPR-017%20Dance%20And%20Stop.mp3', 'https://picsum.photos/seed/webdav-audio-3206/400/300', 'WebDAV import AUDIO: TPR-017 Dance And Stop', 'WEB_DAV', 'WEBDAV', '/music', TRUE, FALSE, NULL, 0, 0, 0, 115, NOW(), NOW(), 0),
(3207, 'This Is The Way', NULL, NULL, 1008, 'AGE_2_4', 'AUDIO', 'http://192.168.50.1:3303/music/This%20Is%20The%20Way.mp3', 'https://picsum.photos/seed/webdav-audio-3207/400/300', 'WebDAV import AUDIO: This Is The Way', 'WEB_DAV', 'WEBDAV', '/music', TRUE, FALSE, NULL, 0, 0, 0, 114, NOW(), NOW(), 0),
(3208, 'wheels on the bus', NULL, NULL, 1008, 'AGE_2_4', 'AUDIO', 'http://192.168.50.1:3303/music/wheels%20on%20the%20bus.mp3', 'https://picsum.photos/seed/webdav-audio-3208/400/300', 'WebDAV import AUDIO: wheels on the bus', 'WEB_DAV', 'WEBDAV', '/music', TRUE, FALSE, NULL, 0, 0, 0, 113, NOW(), NOW(), 0),
(3209, '【BBC英文儿歌】20 The Wheels on The Bus', NULL, NULL, 1008, 'AGE_2_4', 'AUDIO', 'http://192.168.50.1:3303/music/%E3%80%90BBC%E8%8B%B1%E6%96%87%E5%84%BF%E6%AD%8C%E3%80%9120%20The%20Wheels%20on%20The%20Bus.mp3', 'https://picsum.photos/seed/webdav-audio-3209/400/300', 'WebDAV import AUDIO: 【BBC英文儿歌】20 The Wheels on The Bus', 'WEB_DAV', 'WEBDAV', '/music', TRUE, FALSE, NULL, 0, 0, 0, 112, NOW(), NOW(), 0),
(3210, '主题歌 The Wheels On The Bus (1)', NULL, NULL, 1008, 'AGE_2_4', 'AUDIO', 'http://192.168.50.1:3303/music/%E4%B8%BB%E9%A2%98%E6%AD%8C%20The%20Wheels%20On%20The%20Bus%20(1).mp3', 'https://picsum.photos/seed/webdav-audio-3210/400/300', 'WebDAV import AUDIO: 主题歌 The Wheels On The Bus (1)', 'WEB_DAV', 'WEBDAV', '/music', TRUE, FALSE, NULL, 0, 0, 0, 111, NOW(), NOW(), 0),
(3211, '儿歌 wheels  on the bus 巴士车的轮子合集 吃饭投屏专用', NULL, NULL, 1008, 'AGE_2_4', 'AUDIO', 'http://192.168.50.1:3303/music/%E5%84%BF%E6%AD%8C%20wheels%20%20on%20the%20bus%20%E5%B7%B4%E5%A3%AB%E8%BD%A6%E7%9A%84%E8%BD%AE%E5%AD%90%E5%90%88%E9%9B%86%20%E5%90%83%E9%A5%AD%E6%8A%95%E5%B1%8F%E4%B8%93%E7%94%A8.mp3', 'https://picsum.photos/seed/webdav-audio-3211/400/300', 'WebDAV import AUDIO: 儿歌 wheels  on the bus 巴士车的轮子合集 吃饭投屏专用', 'WEB_DAV', 'WEBDAV', '/music', TRUE, FALSE, NULL, 0, 0, 0, 110, NOW(), NOW(), 0),
(3212, '小汽车的轮子圆又圆', NULL, NULL, 1008, 'AGE_2_4', 'AUDIO', 'http://192.168.50.1:3303/music/%E5%B0%8F%E6%B1%BD%E8%BD%A6%E7%9A%84%E8%BD%AE%E5%AD%90%E5%9C%86%E5%8F%88%E5%9C%86.mp3', 'https://picsum.photos/seed/webdav-audio-3212/400/300', 'WebDAV import AUDIO: 小汽车的轮子圆又圆', 'WEB_DAV', 'WEBDAV', '/music', TRUE, FALSE, NULL, 0, 0, 0, 109, NOW(), NOW(), 0),
(3213, '英文儿歌之数香蕉（Counting Bananas)', NULL, NULL, 1008, 'AGE_2_4', 'AUDIO', 'http://192.168.50.1:3303/music/%E8%8B%B1%E6%96%87%E5%84%BF%E6%AD%8C%E4%B9%8B%E6%95%B0%E9%A6%99%E8%95%89%EF%BC%88Counting%20Bananas).mp3', 'https://picsum.photos/seed/webdav-audio-3213/400/300', 'WebDAV import AUDIO: 英文儿歌之数香蕉（Counting Bananas)', 'WEB_DAV', 'WEBDAV', '/music', TRUE, FALSE, NULL, 0, 0, 0, 108, NOW(), NOW(), 0),
(3214, '英文儿歌之森林探险（Working in the forest ）', NULL, NULL, 1008, 'AGE_2_4', 'AUDIO', 'http://192.168.50.1:3303/music/%E8%8B%B1%E6%96%87%E5%84%BF%E6%AD%8C%E4%B9%8B%E6%A3%AE%E6%9E%97%E6%8E%A2%E9%99%A9%EF%BC%88Working%20in%20the%20forest%20%EF%BC%89.mp3', 'https://picsum.photos/seed/webdav-audio-3214/400/300', 'WebDAV import AUDIO: 英文儿歌之森林探险（Working in the forest ）', 'WEB_DAV', 'WEBDAV', '/music', TRUE, FALSE, NULL, 0, 0, 0, 107, NOW(), NOW(), 0),
(3215, '英文儿歌之石头剪刀布（Rock Scissors Paper）', NULL, NULL, 1008, 'AGE_2_4', 'AUDIO', 'http://192.168.50.1:3303/music/%E8%8B%B1%E6%96%87%E5%84%BF%E6%AD%8C%E4%B9%8B%E7%9F%B3%E5%A4%B4%E5%89%AA%E5%88%80%E5%B8%83%EF%BC%88Rock%20Scissors%20Paper%EF%BC%89.mp3', 'https://picsum.photos/seed/webdav-audio-3215/400/300', 'WebDAV import AUDIO: 英文儿歌之石头剪刀布（Rock Scissors Paper）', 'WEB_DAV', 'WEBDAV', '/music', TRUE, FALSE, NULL, 0, 0, 0, 106, NOW(), NOW(), 0),
(3216, '英文儿歌之老麦克唐纳有个农场（Old Macdonald had a farm）', NULL, NULL, 1008, 'AGE_2_4', 'AUDIO', 'http://192.168.50.1:3303/music/%E8%8B%B1%E6%96%87%E5%84%BF%E6%AD%8C%E4%B9%8B%E8%80%81%E9%BA%A6%E5%85%8B%E5%94%90%E7%BA%B3%E6%9C%89%E4%B8%AA%E5%86%9C%E5%9C%BA%EF%BC%88Old%20Macdonald%20had%20a%20farm%EF%BC%89.mp3', 'https://picsum.photos/seed/webdav-audio-3216/400/300', 'WebDAV import AUDIO: 英文儿歌之老麦克唐纳有个农场（Old Macdonald had a farm）', 'WEB_DAV', 'WEBDAV', '/music', TRUE, FALSE, NULL, 0, 0, 0, 105, NOW(), NOW(), 0)
ON CONFLICT (id) DO NOTHING;

-- WebDAV picture book import script (generated: 2026-05-04 23:04:05)
-- Source: /book/<series>/<book>/<page>.png and /book/<series>/<book>/audio/<page>.mp3
INSERT INTO picture_book (
  id, title, nickname, alias, series_id, age_range, cover_url, description,
  page_count, is_published, is_abnormal, abnormal_remark, click_count, rating_avg, rating_count,
  complete_read_count, sort_weight, created_at, updated_at, deleted
) VALUES
(1, '买面包', '买面包', '波西和皮普', 1200, 'AGE_2_4', 'http://192.168.50.1:3303/book/%E6%B3%A2%E8%A5%BF%E5%92%8C%E7%9A%AE%E6%99%AE/%E4%B9%B0%E9%9D%A2%E5%8C%85/1.png', 'WebDAV 导入绘本：波西和皮普/买面包', 10, TRUE, FALSE, NULL, 0, 0, 0, 0, 500, NOW(), NOW(), 0),
(2, '坐公交去动物园', '坐公交去动物园', '波西和皮普', 1200, 'AGE_2_4', 'http://192.168.50.1:3303/book/%E6%B3%A2%E8%A5%BF%E5%92%8C%E7%9A%AE%E6%99%AE/%E5%9D%90%E5%85%AC%E4%BA%A4%E5%8E%BB%E5%8A%A8%E7%89%A9%E5%9B%AD/1.png', 'WebDAV 导入绘本：波西和皮普/坐公交去动物园', 10, TRUE, FALSE, NULL, 0, 0, 0, 0, 499, NOW(), NOW(), 0)
ON CONFLICT (id) DO NOTHING;

INSERT INTO picture_book_page (
  id, book_id, page_number, image_url, text_content, audio_url, duration_sec, created_at, updated_at, deleted
) VALUES
(1, 1, 1, 'http://192.168.50.1:3303/book/%E6%B3%A2%E8%A5%BF%E5%92%8C%E7%9A%AE%E6%99%AE/%E4%B9%B0%E9%9D%A2%E5%8C%85/1.png', NULL, 'http://192.168.50.1:3303/book/%E6%B3%A2%E8%A5%BF%E5%92%8C%E7%9A%AE%E6%99%AE/%E4%B9%B0%E9%9D%A2%E5%8C%85/audio/1.mp3', NULL, NOW(), NOW(), 0),
(2, 1, 2, 'http://192.168.50.1:3303/book/%E6%B3%A2%E8%A5%BF%E5%92%8C%E7%9A%AE%E6%99%AE/%E4%B9%B0%E9%9D%A2%E5%8C%85/2.png', NULL, 'http://192.168.50.1:3303/book/%E6%B3%A2%E8%A5%BF%E5%92%8C%E7%9A%AE%E6%99%AE/%E4%B9%B0%E9%9D%A2%E5%8C%85/audio/2.mp3', NULL, NOW(), NOW(), 0),
(3, 1, 3, 'http://192.168.50.1:3303/book/%E6%B3%A2%E8%A5%BF%E5%92%8C%E7%9A%AE%E6%99%AE/%E4%B9%B0%E9%9D%A2%E5%8C%85/3.png', NULL, 'http://192.168.50.1:3303/book/%E6%B3%A2%E8%A5%BF%E5%92%8C%E7%9A%AE%E6%99%AE/%E4%B9%B0%E9%9D%A2%E5%8C%85/audio/3.mp3', NULL, NOW(), NOW(), 0),
(4, 1, 4, 'http://192.168.50.1:3303/book/%E6%B3%A2%E8%A5%BF%E5%92%8C%E7%9A%AE%E6%99%AE/%E4%B9%B0%E9%9D%A2%E5%8C%85/4.png', NULL, 'http://192.168.50.1:3303/book/%E6%B3%A2%E8%A5%BF%E5%92%8C%E7%9A%AE%E6%99%AE/%E4%B9%B0%E9%9D%A2%E5%8C%85/audio/4.mp3', NULL, NOW(), NOW(), 0),
(5, 1, 5, 'http://192.168.50.1:3303/book/%E6%B3%A2%E8%A5%BF%E5%92%8C%E7%9A%AE%E6%99%AE/%E4%B9%B0%E9%9D%A2%E5%8C%85/5.png', NULL, 'http://192.168.50.1:3303/book/%E6%B3%A2%E8%A5%BF%E5%92%8C%E7%9A%AE%E6%99%AE/%E4%B9%B0%E9%9D%A2%E5%8C%85/audio/5.mp3', NULL, NOW(), NOW(), 0),
(6, 1, 6, 'http://192.168.50.1:3303/book/%E6%B3%A2%E8%A5%BF%E5%92%8C%E7%9A%AE%E6%99%AE/%E4%B9%B0%E9%9D%A2%E5%8C%85/6.png', NULL, 'http://192.168.50.1:3303/book/%E6%B3%A2%E8%A5%BF%E5%92%8C%E7%9A%AE%E6%99%AE/%E4%B9%B0%E9%9D%A2%E5%8C%85/audio/6.mp3', NULL, NOW(), NOW(), 0),
(7, 1, 7, 'http://192.168.50.1:3303/book/%E6%B3%A2%E8%A5%BF%E5%92%8C%E7%9A%AE%E6%99%AE/%E4%B9%B0%E9%9D%A2%E5%8C%85/7.png', NULL, 'http://192.168.50.1:3303/book/%E6%B3%A2%E8%A5%BF%E5%92%8C%E7%9A%AE%E6%99%AE/%E4%B9%B0%E9%9D%A2%E5%8C%85/audio/7.mp3', NULL, NOW(), NOW(), 0),
(8, 1, 8, 'http://192.168.50.1:3303/book/%E6%B3%A2%E8%A5%BF%E5%92%8C%E7%9A%AE%E6%99%AE/%E4%B9%B0%E9%9D%A2%E5%8C%85/8.png', NULL, 'http://192.168.50.1:3303/book/%E6%B3%A2%E8%A5%BF%E5%92%8C%E7%9A%AE%E6%99%AE/%E4%B9%B0%E9%9D%A2%E5%8C%85/audio/8.mp3', NULL, NOW(), NOW(), 0),
(9, 1, 9, 'http://192.168.50.1:3303/book/%E6%B3%A2%E8%A5%BF%E5%92%8C%E7%9A%AE%E6%99%AE/%E4%B9%B0%E9%9D%A2%E5%8C%85/9.png', NULL, 'http://192.168.50.1:3303/book/%E6%B3%A2%E8%A5%BF%E5%92%8C%E7%9A%AE%E6%99%AE/%E4%B9%B0%E9%9D%A2%E5%8C%85/audio/9.mp3', NULL, NOW(), NOW(), 0),
(10, 1, 10, 'http://192.168.50.1:3303/book/%E6%B3%A2%E8%A5%BF%E5%92%8C%E7%9A%AE%E6%99%AE/%E4%B9%B0%E9%9D%A2%E5%8C%85/10.png', NULL, 'http://192.168.50.1:3303/book/%E6%B3%A2%E8%A5%BF%E5%92%8C%E7%9A%AE%E6%99%AE/%E4%B9%B0%E9%9D%A2%E5%8C%85/audio/10.mp3', NULL, NOW(), NOW(), 0),
(11, 2, 1, 'http://192.168.50.1:3303/book/%E6%B3%A2%E8%A5%BF%E5%92%8C%E7%9A%AE%E6%99%AE/%E5%9D%90%E5%85%AC%E4%BA%A4%E5%8E%BB%E5%8A%A8%E7%89%A9%E5%9B%AD/1.png', NULL, 'http://192.168.50.1:3303/book/%E6%B3%A2%E8%A5%BF%E5%92%8C%E7%9A%AE%E6%99%AE/%E5%9D%90%E5%85%AC%E4%BA%A4%E5%8E%BB%E5%8A%A8%E7%89%A9%E5%9B%AD/audio/1.mp3', NULL, NOW(), NOW(), 0),
(12, 2, 2, 'http://192.168.50.1:3303/book/%E6%B3%A2%E8%A5%BF%E5%92%8C%E7%9A%AE%E6%99%AE/%E5%9D%90%E5%85%AC%E4%BA%A4%E5%8E%BB%E5%8A%A8%E7%89%A9%E5%9B%AD/2.png', NULL, 'http://192.168.50.1:3303/book/%E6%B3%A2%E8%A5%BF%E5%92%8C%E7%9A%AE%E6%99%AE/%E5%9D%90%E5%85%AC%E4%BA%A4%E5%8E%BB%E5%8A%A8%E7%89%A9%E5%9B%AD/audio/2.mp3', NULL, NOW(), NOW(), 0),
(13, 2, 3, 'http://192.168.50.1:3303/book/%E6%B3%A2%E8%A5%BF%E5%92%8C%E7%9A%AE%E6%99%AE/%E5%9D%90%E5%85%AC%E4%BA%A4%E5%8E%BB%E5%8A%A8%E7%89%A9%E5%9B%AD/3.png', NULL, 'http://192.168.50.1:3303/book/%E6%B3%A2%E8%A5%BF%E5%92%8C%E7%9A%AE%E6%99%AE/%E5%9D%90%E5%85%AC%E4%BA%A4%E5%8E%BB%E5%8A%A8%E7%89%A9%E5%9B%AD/audio/3.mp3', NULL, NOW(), NOW(), 0),
(14, 2, 4, 'http://192.168.50.1:3303/book/%E6%B3%A2%E8%A5%BF%E5%92%8C%E7%9A%AE%E6%99%AE/%E5%9D%90%E5%85%AC%E4%BA%A4%E5%8E%BB%E5%8A%A8%E7%89%A9%E5%9B%AD/4.png', NULL, 'http://192.168.50.1:3303/book/%E6%B3%A2%E8%A5%BF%E5%92%8C%E7%9A%AE%E6%99%AE/%E5%9D%90%E5%85%AC%E4%BA%A4%E5%8E%BB%E5%8A%A8%E7%89%A9%E5%9B%AD/audio/4.mp3', NULL, NOW(), NOW(), 0),
(15, 2, 5, 'http://192.168.50.1:3303/book/%E6%B3%A2%E8%A5%BF%E5%92%8C%E7%9A%AE%E6%99%AE/%E5%9D%90%E5%85%AC%E4%BA%A4%E5%8E%BB%E5%8A%A8%E7%89%A9%E5%9B%AD/5.png', NULL, 'http://192.168.50.1:3303/book/%E6%B3%A2%E8%A5%BF%E5%92%8C%E7%9A%AE%E6%99%AE/%E5%9D%90%E5%85%AC%E4%BA%A4%E5%8E%BB%E5%8A%A8%E7%89%A9%E5%9B%AD/audio/5.mp3', NULL, NOW(), NOW(), 0),
(16, 2, 6, 'http://192.168.50.1:3303/book/%E6%B3%A2%E8%A5%BF%E5%92%8C%E7%9A%AE%E6%99%AE/%E5%9D%90%E5%85%AC%E4%BA%A4%E5%8E%BB%E5%8A%A8%E7%89%A9%E5%9B%AD/6.png', NULL, 'http://192.168.50.1:3303/book/%E6%B3%A2%E8%A5%BF%E5%92%8C%E7%9A%AE%E6%99%AE/%E5%9D%90%E5%85%AC%E4%BA%A4%E5%8E%BB%E5%8A%A8%E7%89%A9%E5%9B%AD/audio/6.mp3', NULL, NOW(), NOW(), 0),
(17, 2, 7, 'http://192.168.50.1:3303/book/%E6%B3%A2%E8%A5%BF%E5%92%8C%E7%9A%AE%E6%99%AE/%E5%9D%90%E5%85%AC%E4%BA%A4%E5%8E%BB%E5%8A%A8%E7%89%A9%E5%9B%AD/7.png', NULL, 'http://192.168.50.1:3303/book/%E6%B3%A2%E8%A5%BF%E5%92%8C%E7%9A%AE%E6%99%AE/%E5%9D%90%E5%85%AC%E4%BA%A4%E5%8E%BB%E5%8A%A8%E7%89%A9%E5%9B%AD/audio/7.mp3', NULL, NOW(), NOW(), 0),
(18, 2, 8, 'http://192.168.50.1:3303/book/%E6%B3%A2%E8%A5%BF%E5%92%8C%E7%9A%AE%E6%99%AE/%E5%9D%90%E5%85%AC%E4%BA%A4%E5%8E%BB%E5%8A%A8%E7%89%A9%E5%9B%AD/8.png', NULL, 'http://192.168.50.1:3303/book/%E6%B3%A2%E8%A5%BF%E5%92%8C%E7%9A%AE%E6%99%AE/%E5%9D%90%E5%85%AC%E4%BA%A4%E5%8E%BB%E5%8A%A8%E7%89%A9%E5%9B%AD/audio/8.mp3', NULL, NOW(), NOW(), 0),
(19, 2, 9, 'http://192.168.50.1:3303/book/%E6%B3%A2%E8%A5%BF%E5%92%8C%E7%9A%AE%E6%99%AE/%E5%9D%90%E5%85%AC%E4%BA%A4%E5%8E%BB%E5%8A%A8%E7%89%A9%E5%9B%AD/9.png', NULL, 'http://192.168.50.1:3303/book/%E6%B3%A2%E8%A5%BF%E5%92%8C%E7%9A%AE%E6%99%AE/%E5%9D%90%E5%85%AC%E4%BA%A4%E5%8E%BB%E5%8A%A8%E7%89%A9%E5%9B%AD/audio/9.mp3', NULL, NOW(), NOW(), 0),
(20, 2, 10, 'http://192.168.50.1:3303/book/%E6%B3%A2%E8%A5%BF%E5%92%8C%E7%9A%AE%E6%99%AE/%E5%9D%90%E5%85%AC%E4%BA%A4%E5%8E%BB%E5%8A%A8%E7%89%A9%E5%9B%AD/10.png', NULL, 'http://192.168.50.1:3303/book/%E6%B3%A2%E8%A5%BF%E5%92%8C%E7%9A%AE%E6%99%AE/%E5%9D%90%E5%85%AC%E4%BA%A4%E5%8E%BB%E5%8A%A8%E7%89%A9%E5%9B%AD/audio/10.mp3', NULL, NOW(), NOW(), 0)
ON CONFLICT (id) DO NOTHING;
INSERT INTO media_resource (
  id, title, nickname, alias, series_id, age_range, media_type,
  play_url, cover_url, description, source_type, source_platform, source_remark,
  is_published, is_abnormal, abnormal_remark, click_count, rating_avg, rating_count,
  sort_weight, created_at, updated_at, deleted
) VALUES
(3101, '26个字母歌', NULL, NULL, 1008, 'AGE_2_4', 'VIDEO', 'http://192.168.50.1:3303/vidio/26%E4%B8%AA%E5%AD%97%E6%AF%8D%E6%AD%8C.mp4', 'http://192.168.50.1:3303/vidio/26%E4%B8%AA%E5%AD%97%E6%AF%8D%E6%AD%8C.jpg', 'WebDAV import VIDEO: 26个字母歌', 'WEB_DAV', 'WEBDAV', '/vidio', TRUE, FALSE, NULL, 0, 0, 0, 100, NOW(), NOW(), 0),
(3102, 'Color-022 My Yellow Car', NULL, NULL, 1008, 'AGE_2_4', 'VIDEO', 'http://192.168.50.1:3303/vidio/Color-022%20My%20Yellow%20Car.mp4', 'http://192.168.50.1:3303/vidio/Color-022%20My%20Yellow%20Car.jpg', 'WebDAV import VIDEO: Color-022 My Yellow Car', 'WEB_DAV', 'WEBDAV', '/vidio', TRUE, FALSE, NULL, 0, 0, 0, 99, NOW(), NOW(), 0),
(3103, 'Daily-003 Put On Your Shoes', NULL, NULL, 1008, 'AGE_2_4', 'VIDEO', 'http://192.168.50.1:3303/vidio/Daily-003%20Put%20On%20Your%20Shoes.mp4', 'http://192.168.50.1:3303/vidio/Daily-003%20Put%20On%20Your%20Shoes.jpg', 'WebDAV import VIDEO: Daily-003 Put On Your Shoes', 'WEB_DAV', 'WEBDAV', '/vidio', TRUE, FALSE, NULL, 0, 0, 0, 98, NOW(), NOW(), 0),
(3104, 'Daily-004 The Bath Song', NULL, NULL, 1008, 'AGE_2_4', 'VIDEO', 'http://192.168.50.1:3303/vidio/Daily-004%20The%20Bath%20Song.mp4', 'http://192.168.50.1:3303/vidio/Daily-004%20The%20Bath%20Song.jpg', 'WebDAV import VIDEO: Daily-004 The Bath Song', 'WEB_DAV', 'WEBDAV', '/vidio', TRUE, FALSE, NULL, 0, 0, 0, 97, NOW(), NOW(), 0),
(3105, 'Let''s Go To The Zoo', NULL, NULL, 1008, 'AGE_2_4', 'VIDEO', 'http://192.168.50.1:3303/vidio/Let%27s%20Go%20To%20The%20Zoo.mp4', 'http://192.168.50.1:3303/vidio/Let%27s%20Go%20To%20The%20Zoo.jpg', 'WebDAV import VIDEO: Let''s Go To The Zoo', 'WEB_DAV', 'WEBDAV', '/vidio', TRUE, FALSE, NULL, 0, 0, 0, 96, NOW(), NOW(), 0),
(3106, 'Put On Your Shoes', NULL, NULL, 1008, 'AGE_2_4', 'VIDEO', 'http://192.168.50.1:3303/vidio/Put%20On%20Your%20Shoes.mp4', 'http://192.168.50.1:3303/vidio/Put%20On%20Your%20Shoes.jpg', 'WebDAV import VIDEO: Put On Your Shoes', 'WEB_DAV', 'WEBDAV', '/vidio', TRUE, FALSE, NULL, 0, 0, 0, 95, NOW(), NOW(), 0),
(3107, 'TPR-017 Dance And Stop', NULL, NULL, 1008, 'AGE_2_4', 'VIDEO', 'http://192.168.50.1:3303/vidio/TPR-017%20Dance%20And%20Stop.mp4', 'http://192.168.50.1:3303/vidio/TPR-017%20Dance%20And%20Stop.jpg', 'WebDAV import VIDEO: TPR-017 Dance And Stop', 'WEB_DAV', 'WEBDAV', '/vidio', TRUE, FALSE, NULL, 0, 0, 0, 94, NOW(), NOW(), 0),
(3108, 'This Is The Way', NULL, NULL, 1008, 'AGE_2_4', 'VIDEO', 'http://192.168.50.1:3303/vidio/This%20Is%20The%20Way.mp4', 'http://192.168.50.1:3303/vidio/This%20Is%20The%20Way.jpg', 'WebDAV import VIDEO: This Is The Way', 'WEB_DAV', 'WEBDAV', '/vidio', TRUE, FALSE, NULL, 0, 0, 0, 93, NOW(), NOW(), 0),
(3109, 'wheels on the bus', NULL, NULL, 1008, 'AGE_2_4', 'VIDEO', 'http://192.168.50.1:3303/vidio/wheels%20on%20the%20bus.mp4', 'http://192.168.50.1:3303/vidio/wheels%20on%20the%20bus.jpg', 'WebDAV import VIDEO: wheels on the bus', 'WEB_DAV', 'WEBDAV', '/vidio', TRUE, FALSE, NULL, 0, 0, 0, 92, NOW(), NOW(), 0),
(3110, '【BBC英文儿歌】20 The Wheels on The Bus', NULL, NULL, 1008, 'AGE_2_4', 'VIDEO', 'http://192.168.50.1:3303/vidio/%E3%80%90BBC%E8%8B%B1%E6%96%87%E5%84%BF%E6%AD%8C%E3%80%9120%20The%20Wheels%20on%20The%20Bus.mp4', 'http://192.168.50.1:3303/vidio/%E3%80%90BBC%E8%8B%B1%E6%96%87%E5%84%BF%E6%AD%8C%E3%80%9120%20The%20Wheels%20on%20The%20Bus.jpg', 'WebDAV import VIDEO: 【BBC英文儿歌】20 The Wheels on The Bus', 'WEB_DAV', 'WEBDAV', '/vidio', TRUE, FALSE, NULL, 0, 0, 0, 91, NOW(), NOW(), 0),
(3111, '主题歌 The Wheels On The Bus', NULL, NULL, 1008, 'AGE_2_4', 'VIDEO', 'http://192.168.50.1:3303/vidio/%E4%B8%BB%E9%A2%98%E6%AD%8C%20The%20Wheels%20On%20The%20Bus.mp4', 'http://192.168.50.1:3303/vidio/%E4%B8%BB%E9%A2%98%E6%AD%8C%20The%20Wheels%20On%20The%20Bus.jpg', 'WebDAV import VIDEO: 主题歌 The Wheels On The Bus', 'WEB_DAV', 'WEBDAV', '/vidio', TRUE, FALSE, NULL, 0, 0, 0, 90, NOW(), NOW(), 0),
(3112, '儿歌 wheels  on the bus 巴士车的轮子合集 吃饭投屏专用', NULL, NULL, 1008, 'AGE_2_4', 'VIDEO', 'http://192.168.50.1:3303/vidio/%E5%B7%B4%E5%A3%AB%E8%BD%A6%E7%9A%84%E8%BD%AE%E5%AD%90%E5%90%88%E9%9B%86%20%E5%90%83%E9%A5%AD%E6%8A%95%E5%B1%8F%E4%B8%93%E7%94%A8.mp4', 'http://192.168.50.1:3303/vidio/%E5%B7%B4%E5%A3%AB%E8%BD%A6%E7%9A%84%E8%BD%AE%E5%AD%90%E5%90%88%E9%9B%86%20%E5%90%83%E9%A5%AD%E6%8A%95%E5%B1%8F%E4%B8%93%E7%94%A8.jpg', 'WebDAV import VIDEO: 巴士车的轮子合集 吃饭投屏专用', 'WEB_DAV', 'WEBDAV', '/vidio', TRUE, FALSE, NULL, 0, 0, 0, 89, NOW(), NOW(), 0),
(3113, '小汽车的轮子圆又圆', NULL, NULL, 1008, 'AGE_2_4', 'VIDEO', 'http://192.168.50.1:3303/vidio/%E5%B0%8F%E6%B1%BD%E8%BD%A6%E7%9A%84%E8%BD%AE%E5%AD%90%E5%9C%86%E5%8F%88%E5%9C%86.mp4', 'http://192.168.50.1:3303/vidio/%E5%B0%8F%E6%B1%BD%E8%BD%A6%E7%9A%84%E8%BD%AE%E5%AD%90%E5%9C%86%E5%8F%88%E5%9C%86.jpg', 'WebDAV import VIDEO: 小汽车的轮子圆又圆', 'WEB_DAV', 'WEBDAV', '/vidio', TRUE, FALSE, NULL, 0, 0, 0, 88, NOW(), NOW(), 0),
(3114, '英文儿歌之数香蕉🍌（Counting Bananas)', NULL, NULL, 1008, 'AGE_2_4', 'VIDEO', 'http://192.168.50.1:3303/vidio/%E8%8B%B1%E6%96%87%E5%84%BF%E6%AD%8C%E4%B9%8B%E6%95%B0%E9%A6%99%E8%95%89%EF%BC%88Counting%20Bananas%EF%BC%89.mp4', 'http://192.168.50.1:3303/vidio/%E8%8B%B1%E6%96%87%E5%84%BF%E6%AD%8C%E4%B9%8B%E6%95%B0%E9%A6%99%E8%95%89%EF%BC%88Counting%20Bananas%EF%BC%89.jpg', 'WebDAV import VIDEO: 英文儿歌之数香蕉（Counting Bananas）', 'WEB_DAV', 'WEBDAV', '/vidio', TRUE, FALSE, NULL, 0, 0, 0, 87, NOW(), NOW(), 0),
(3115, '英文儿歌之森林探险（Working in the forest ）', NULL, NULL, 1008, 'AGE_2_4', 'VIDEO', 'http://192.168.50.1:3303/vidio/%E8%8B%B1%E6%96%87%E5%84%BF%E6%AD%8C%E4%B9%8B%E6%A3%AE%E6%9E%97%E6%8E%A2%E9%99%A9%EF%BC%88Working%20in%20the%20forest%20%EF%BC%89.mp4', 'http://192.168.50.1:3303/vidio/%E8%8B%B1%E6%96%87%E5%84%BF%E6%AD%8C%E4%B9%8B%E6%A3%AE%E6%9E%97%E6%8E%A2%E9%99%A9%EF%BC%88Working%20in%20the%20forest%20%EF%BC%89.jpg', 'WebDAV import VIDEO: 英文儿歌之森林探险（Working in the forest ）', 'WEB_DAV', 'WEBDAV', '/vidio', TRUE, FALSE, NULL, 0, 0, 0, 86, NOW(), NOW(), 0),
(3116, '英文儿歌之石头剪刀布（Rock Scissors Paper）', NULL, NULL, 1008, 'AGE_2_4', 'VIDEO', 'http://192.168.50.1:3303/vidio/%E8%8B%B1%E6%96%87%E5%84%BF%E6%AD%8C%E4%B9%8B%E7%9F%B3%E5%A4%B4%E5%89%AA%E5%88%80%E5%B8%83%EF%BC%88Rock%20Scissors%20Paper%EF%BC%89.mp4', 'http://192.168.50.1:3303/vidio/%E8%8B%B1%E6%96%87%E5%84%BF%E6%AD%8C%E4%B9%8B%E7%9F%B3%E5%A4%B4%E5%89%AA%E5%88%80%E5%B8%83%EF%BC%88Rock%20Scissors%20Paper%EF%BC%89.jpg', 'WebDAV import VIDEO: 英文儿歌之石头剪刀布（Rock Scissors Paper）', 'WEB_DAV', 'WEBDAV', '/vidio', TRUE, FALSE, NULL, 0, 0, 0, 85, NOW(), NOW(), 0),
(3117, '英文儿歌之老麦克唐纳有个农场（Old Macdonald had a farm）', NULL, NULL, 1008, 'AGE_2_4', 'VIDEO', 'http://192.168.50.1:3303/vidio/%E8%8B%B1%E6%96%87%E5%84%BF%E6%AD%8C%E4%B9%8B%E8%80%81%E9%BA%A6%E5%85%8B%E5%94%90%E7%BA%B3%E6%9C%89%E4%B8%AA%E5%86%9C%E5%9C%BA%EF%BC%88Old%20Macdonald%20had%20a%20farm%EF%BC%89.mp4', 'http://192.168.50.1:3303/vidio/%E8%8B%B1%E6%96%87%E5%84%BF%E6%AD%8C%E4%B9%8B%E8%80%81%E9%BA%A6%E5%85%8B%E5%94%90%E7%BA%B3%E6%9C%89%E4%B8%AA%E5%86%9C%E5%9C%BA%EF%BC%88Old%20Macdonald%20had%20a%20farm%EF%BC%89.jpg', 'WebDAV import VIDEO: 英文儿歌之老麦克唐纳有个农场（Old Macdonald had a farm）', 'WEB_DAV', 'WEBDAV', '/vidio', TRUE, FALSE, NULL, 0, 0, 0, 84, NOW(), NOW(), 0),
(3118, 'Color-022 My Yellow Car (1)', NULL, NULL, 1008, 'AGE_2_4', 'VIDEO', 'http://192.168.50.1:3303/vidio/Color-022%20My%20Yellow%20Car%20(1).mp4', 'http://192.168.50.1:3303/vidio/Color-022%20My%20Yellow%20Car%20(1).jpg', 'WebDAV import VIDEO: Color-022 My Yellow Car (1)', 'WEB_DAV', 'WEBDAV', '/vidio', TRUE, FALSE, NULL, 0, 0, 0, 83, NOW(), NOW(), 0)
ON CONFLICT (id) DO NOTHING;

